项目,项目编号,项目中文名,单元(新名),新单元路径,状态
1-北京盈科中心,1,北京盈科中心,北京盈科中心-01,1-北京盈科中心\北京盈科中心-01,阶段B完成
1-北京盈科中心,1,北京盈科中心,北京盈科中心-02,1-北京盈科中心\北京盈科中心-02,阶段B完成
1-北京盈科中心,1,北京盈科中心,北京盈科中心-03,1-北京盈科中心\北京盈科中心-03,阶段B完成
1-北京盈科中心,1,北京盈科中心,北京盈科中心-04,1-北京盈科中心\北京盈科中心-04,阶段B完成
1-北京盈科中心,1,北京盈科中心,北京盈科中心-05,1-北京盈科中心\北京盈科中心-05,阶段B完成
1-北京盈科中心,1,北京盈科中心,北京盈科中心-06,1-北京盈科中心\北京盈科中心-06,阶段B完成
1-北京盈科中心,1,北京盈科中心,北京盈科中心-07,1-北京盈科中心\北京盈科中心-07,阶段B完成
1-北京盈科中心,1,北京盈科中心,北京盈科中心-08,1-北京盈科中心\北京盈科中心-08,阶段B完成
1-北京盈科中心,1,北京盈科中心,北京盈科中心-09,1-北京盈科中心\北京盈科中心-09,阶段B完成
2-北京国航世纪,2,北京国航世纪,北京国航世纪-01,2-北京国航世纪\北京国航世纪-01,阶段B完成
2-北京国航世纪,2,北京国航世纪,北京国航世纪-02,2-北京国航世纪\北京国航世纪-02,阶段B完成
2-北京国航世纪,2,北京国航世纪,北京国航世纪-03,2-北京国航世纪\北京国航世纪-03,阶段B完成
3-北京望京国际中心,3,北京望京国际中心,北京望京国际中心-01,3-北京望京国际中心\北京望京国际中心-01,阶段B完成
3-北京望京国际中心,3,北京望京国际中心,北京望京国际中心-02,3-北京望京国际中心\北京望京国际中心-02,阶段B完成
3-北京望京国际中心,3,北京望京国际中心,北京望京国际中心-03,3-北京望京国际中心\北京望京国际中心-03,阶段B完成
3-北京望京国际中心,3,北京望京国际中心,北京望京国际中心-04,3-北京望京国际中心\北京望京国际中心-04,阶段B完成
3-北京望京国际中心,3,北京望京国际中心,北京望京国际中心-05,3-北京望京国际中心\北京望京国际中心-05,阶段B完成
4-北京慈云寺,4,北京慈云寺,北京慈云寺-01,4-北京慈云寺\北京慈云寺-01,阶段B完成
4-北京慈云寺,4,北京慈云寺,北京慈云寺-02,4-北京慈云寺\北京慈云寺-02,阶段B完成
4-北京慈云寺,4,北京慈云寺,北京慈云寺-03,4-北京慈云寺\北京慈云寺-03,阶段B完成
4-北京慈云寺,4,北京慈云寺,北京慈云寺-04,4-北京慈云寺\北京慈云寺-04,阶段B完成
5-北京互联网金融中心,5,北京互联网金融中心,北京互联网金融中心-01,5-北京互联网金融中心\北京互联网金融中心-01,阶段B完成
5-北京互联网金融中心,5,北京互联网金融中心,北京互联网金融中心-02,5-北京互联网金融中心\北京互联网金融中心-02,阶段B完成
5-北京互联网金融中心,5,北京互联网金融中心,北京互联网金融中心-03,5-北京互联网金融中心\北京互联网金融中心-03,阶段B完成
5-北京互联网金融中心,5,北京互联网金融中心,北京互联网金融中心-04,5-北京互联网金融中心\北京互联网金融中心-04,阶段B完成
5-北京互联网金融中心,5,北京互联网金融中心,北京互联网金融中心-05,5-北京互联网金融中心\北京互联网金融中心-05,阶段B完成
6-北京三里屯11号,6,北京三里屯11号,北京三里屯11号-01,6-北京三里屯11号\北京三里屯11号-01,阶段B完成
6-北京三里屯11号,6,北京三里屯11号,北京三里屯11号-02,6-北京三里屯11号\北京三里屯11号-02,阶段B完成
6-北京三里屯11号,6,北京三里屯11号,北京三里屯11号-03,6-北京三里屯11号\北京三里屯11号-03,阶段B完成
6-北京三里屯11号,6,北京三里屯11号,北京三里屯11号-04,6-北京三里屯11号\北京三里屯11号-04,阶段B完成
