单元,簇,家具密度,座位密度,总座位数,座椅占比%,台面占比%,储物占比%,植物占比%,照明占比%,主色1占比%,主色2占比%,主色3占比%,聚类(kmeans),聚类(ward),备注
1-北京盈科中心 北京盈科中心-01,0,0.27,0.27,30.0,6.57,19.5,0.42,0.52,0.11,30.0,20.0,15.0,0,0,
1-北京盈科中心 北京盈科中心-02,1,0.18,0.45,8.0,2.67,9.7,0.75,0.0,2.29,35.0,20.0,20.0,1,3,
1-北京盈科中心 北京盈科中心-03,1,0.22,0.42,6.0,1.64,6.62,0.12,0.0,0.7,35.0,20.0,10.0,1,3,
1-北京盈科中心 北京盈科中心-04,2,0.1,0.21,26.0,8.78,1.92,4.86,0.84,0.62,40.0,30.0,10.0,2,1,
1-北京盈科中心 北京盈科中心-05,0,0.29,0.44,18.0,4.84,9.22,4.96,0.24,2.24,30.0,25.0,15.0,0,3,
1-北京盈科中心 北京盈科中心-06,1,0.25,0.43,8.0,3.29,4.07,3.34,0.0,2.28,35.0,25.0,20.0,1,3,
1-北京盈科中心 北京盈科中心-07,0,0.18,0.13,45.0,14.8,10.28,6.76,2.5,10.07,40.0,15.0,15.0,0,1,
1-北京盈科中心 北京盈科中心-08,3,0.22,0.64,35.0,6.21,10.98,34.44,2.07,2.34,30.0,25.0,15.0,3,0,异常(单例)
1-北京盈科中心 北京盈科中心-09,1,0.44,0.39,8.0,1.73,2.61,0.31,0.0,0.5,40.0,20.0,15.0,1,3,
2-北京国航世纪 北京国航世纪-01,1,0.25,0.63,8.0,1.56,11.02,0.3,8.8,3.75,35.0,25.0,20.0,1,0,
2-北京国航世纪 北京国航世纪-02,1,0.36,0.7,8.0,5.04,11.58,0.98,1.4,4.44,35.0,25.0,15.0,1,3,
2-北京国航世纪 北京国航世纪-03,2,0.18,0.22,40.0,6.87,8.25,1.11,2.34,1.98,40.0,30.0,10.0,2,1,
3-北京望京国际中心 北京望京国际中心-01,1,0.17,0.33,6.0,0.98,3.34,0.5,1.96,5.16,35.0,25.0,20.0,1,3,
3-北京望京国际中心 北京望京国际中心-02,1,0.07,1.16,8.0,0.94,1.6,-0.0,22.02,1.16,40.0,20.0,15.0,1,2,
3-北京望京国际中心 北京望京国际中心-03,0,0.4,0.4,58.0,4.63,10.38,2.22,1.8,6.74,30.0,25.0,20.0,0,0,
3-北京望京国际中心 北京望京国际中心-04,0,0.48,0.2,24.0,1.23,15.94,1.56,6.57,6.17,35.0,25.0,20.0,0,0,
3-北京望京国际中心 北京望京国际中心-05,2,0.72,0.33,38.0,14.2,8.21,2.32,3.59,1.74,35.0,25.0,15.0,2,1,
4-北京慈云寺 北京慈云寺-01,1,0.11,0.55,8.0,0.66,4.47,0.02,0.0,8.04,35.0,25.0,15.0,1,3,
4-北京慈云寺 北京慈云寺-02,1,0.35,0.69,12.0,1.14,6.02,-0.0,1.78,12.16,35.0,25.0,15.0,1,3,
4-北京慈云寺 北京慈云寺-03,1,0.06,0.4,4.0,1.79,1.06,0.08,7.49,6.9,35.0,25.0,15.0,1,3,
4-北京慈云寺 北京慈云寺-04,2,0.25,0.4,36.0,4.62,9.16,0.95,2.55,2.68,40.0,25.0,15.0,2,1,
5-北京互联网金融中心 北京互联网金融中心-01,1,0.11,0.55,8.0,1.2,1.06,4.66,1.17,0.28,35.0,25.0,20.0,1,3,
5-北京互联网金融中心 北京互联网金融中心-02,1,0.06,0.75,8.0,1.0,2.29,-0.0,5.38,1.34,40.0,25.0,15.0,1,3,
5-北京互联网金融中心 北京互联网金融中心-03,2,0.4,0.17,25.0,12.94,3.6,5.46,5.86,0.37,35.0,30.0,15.0,2,1,
5-北京互联网金融中心 北京互联网金融中心-04,1,0.93,0.44,7.0,6.98,2.42,0.21,6.6,2.92,40.0,20.0,15.0,1,1,
5-北京互联网金融中心 北京互联网金融中心-05,2,0.12,0.12,28.0,6.89,9.03,13.55,3.23,0.91,40.0,25.0,15.0,2,1,
6-北京三里屯11号 北京三里屯11号-01,1,0.36,0.76,10.0,2.0,8.88,0.78,0.4,1.76,35.0,25.0,15.0,1,3,
6-北京三里屯11号 北京三里屯11号-02,2,0.33,0.88,55.0,8.65,10.3,1.75,0.87,3.17,40.0,25.0,15.0,2,1,
6-北京三里屯11号 北京三里屯11号-03,2,0.25,0.17,15.0,6.1,1.84,4.98,5.76,-0.0,40.0,25.0,10.0,2,1,
6-北京三里屯11号 北京三里屯11号-04,1,0.34,0.59,10.0,2.52,8.54,6.04,0.0,1.72,40.0,25.0,15.0,1,3,
