单元,簇,净使用面积(㎡),层高(m),长宽比,高宽比,围合度,聚类(kmeans),聚类(ward),备注
1-北京盈科中心 北京盈科中心-01,1,109.86,3.2,1.67,0.37,0.94,1,0,
1-北京盈科中心 北京盈科中心-02,0,17.9,2.8,1.07,0.61,0.96,0,1,
1-北京盈科中心 北京盈科中心-03,0,14.3,2.8,1.36,0.78,0.93,0,1,
1-北京盈科中心 北京盈科中心-04,1,124.18,3.2,1.46,0.31,0.8,1,0,
1-北京盈科中心 北京盈科中心-05,0,40.92,3.0,2.06,0.64,0.84,0,2,
1-北京盈科中心 北京盈科中心-06,0,18.46,2.8,1.89,0.74,0.95,0,1,
1-北京盈科中心 北京盈科中心-07,1,333.39,3.2,1.34,0.18,0.6,1,0,
1-北京盈科中心 北京盈科中心-08,2,54.83,3.2,3.1,0.71,0.62,2,2,异常(单例)
1-北京盈科中心 北京盈科中心-09,0,20.59,2.8,1.65,0.71,0.78,0,2,
2-北京国航世纪 北京国航世纪-01,0,12.72,2.8,1.25,0.67,0.95,0,1,
2-北京国航世纪 北京国航世纪-02,0,11.45,2.8,1.72,0.97,0.93,0,1,
2-北京国航世纪 北京国航世纪-03,1,182.96,3.5,1.83,0.32,0.85,1,0,
3-北京望京国际中心 北京望京国际中心-01,0,18.33,2.8,1.14,0.64,0.93,0,1,
3-北京望京国际中心 北京望京国际中心-02,0,6.89,2.8,1.26,1.04,0.93,0,1,
3-北京望京国际中心 北京望京国际中心-03,1,143.31,3.2,1.57,0.34,0.96,1,0,
3-北京望京国际中心 北京望京国际中心-04,1,120.93,3.2,1.63,0.35,0.93,1,0,
3-北京望京国际中心 北京望京国际中心-05,1,114.99,3.2,1.33,0.18,0.88,1,0,
4-北京慈云寺 北京慈云寺-01,0,14.43,2.8,1.3,0.76,0.93,0,1,
4-北京慈云寺 北京慈云寺-02,0,17.27,2.8,2.06,0.87,0.95,0,1,
4-北京慈云寺 北京慈云寺-03,0,10.06,2.8,1.09,0.82,0.95,0,1,
4-北京慈云寺 北京慈云寺-04,1,89.62,3.2,1.04,0.31,0.71,1,0,
5-北京互联网金融中心 北京互联网金融中心-01,0,14.5,2.8,1.46,0.8,0.93,0,1,
5-北京互联网金融中心 北京互联网金融中心-02,0,10.61,2.8,1.09,0.8,0.92,0,1,
5-北京互联网金融中心 北京互联网金融中心-03,1,150.16,3.2,1.65,0.32,0.9,1,0,
5-北京互联网金融中心 北京互联网金融中心-04,0,15.78,2.8,1.07,0.67,0.95,0,1,
5-北京互联网金融中心 北京互联网金融中心-05,1,229.38,3.2,1.19,0.31,0.84,1,0,
6-北京三里屯11号 北京三里屯11号-01,0,13.22,2.8,1.62,0.87,0.96,0,1,
6-北京三里屯11号 北京三里屯11号-02,1,62.48,4.5,1.06,0.55,0.76,1,0,
6-北京三里屯11号 北京三里屯11号-03,1,88.17,3.2,1.81,0.46,0.74,1,2,
6-北京三里屯11号 北京三里屯11号-04,0,16.97,3.2,1.17,0.76,0.95,0,1,
