项目,单元(新名),源文件,目标文件名,类型,动作
1-北京盈科中心,北京盈科中心-01,AI 北京盈科中心-1.png,plan.png,平面图,重命名
1-北京盈科中心,北京盈科中心-01,人视图-1.jpg,photo_01.jpg,照片,重命名
1-北京盈科中心,北京盈科中心-01,人视图-2.jpg,photo_02.jpg,照片,重命名
1-北京盈科中心,北京盈科中心-01,DXF 北京盈科中心-1.dxf,unit.dxf,DXF,重命名
1-北京盈科中心,北京盈科中心-02,AI 北京 盈科中心-2.png,plan.png,平面图,重命名
1-北京盈科中心,北京盈科中心-02,人视图-1.jpg,photo_01.jpg,照片,重命名
1-北京盈科中心,北京盈科中心-02,人视图-2.jpg,photo_02.jpg,照片,重命名
1-北京盈科中心,北京盈科中心-02,DXF 北京 盈科中心-2.dxf,unit.dxf,DXF,重命名
1-北京盈科中心,北京盈科中心-03,AI 北京 盈科中心-3 [转换].png,plan.png,平面图,重命名
1-北京盈科中心,北京盈科中心-03,人视图-1.jpg,photo_01.jpg,照片,重命名
1-北京盈科中心,北京盈科中心-03,人视图-2.jpg,photo_02.jpg,照片,重命名
1-北京盈科中心,北京盈科中心-03,DXF 北京 盈科中心-3.dxf,unit.dxf,DXF,重命名
1-北京盈科中心,北京盈科中心-04,AI 北京 盈科中心-4.png,plan.png,平面图,重命名
1-北京盈科中心,北京盈科中心-04,人视图-1.jpg,photo_01.jpg,照片,重命名
1-北京盈科中心,北京盈科中心-04,人视图-2.jpg,photo_02.jpg,照片,重命名
1-北京盈科中心,北京盈科中心-04,DXF 北京 盈科中心-4.dxf,unit.dxf,DXF,重命名
1-北京盈科中心,北京盈科中心-05,AI 北京 盈科中心-5 [转换].png,plan.png,平面图,重命名
1-北京盈科中心,北京盈科中心-05,人视图-1.jpg,photo_01.jpg,照片,重命名
1-北京盈科中心,北京盈科中心-05,人视图-2.jpg,photo_02.jpg,照片,重命名
1-北京盈科中心,北京盈科中心-05,DXF 北京 盈科中心-5.dxf,unit.dxf,DXF,重命名
1-北京盈科中心,北京盈科中心-06,AI 北京盈科中心-6 [转换].png,plan.png,平面图,重命名
1-北京盈科中心,北京盈科中心-06,人视图-1.jpg,photo_01.jpg,照片,重命名
1-北京盈科中心,北京盈科中心-06,人视图-2.jpg,photo_02.jpg,照片,重命名
1-北京盈科中心,北京盈科中心-06,DXF 北京盈科中心-6.dxf,unit.dxf,DXF,重命名
1-北京盈科中心,北京盈科中心-07,AI 北京 盈科中心-7.png,plan.png,平面图,重命名
1-北京盈科中心,北京盈科中心-07,人视图-1.jpg,photo_01.jpg,照片,重命名
1-北京盈科中心,北京盈科中心-07,人视图-2.jpg,photo_02.jpg,照片,重命名
1-北京盈科中心,北京盈科中心-07,DXF 北京 盈科中心-7.dxf,unit.dxf,DXF,重命名
1-北京盈科中心,北京盈科中心-08,AI 北京 盈科中心-8.png,plan.png,平面图,重命名
1-北京盈科中心,北京盈科中心-08,人视图-1.jpg,photo_01.jpg,照片,重命名
1-北京盈科中心,北京盈科中心-08,人视图-2.jpg,photo_02.jpg,照片,重命名
1-北京盈科中心,北京盈科中心-08,DXF 北京 盈科中心-8.dxf,unit.dxf,DXF,重命名
1-北京盈科中心,北京盈科中心-09,AI 北京 盈科中心-9.png,plan.png,平面图,重命名
1-北京盈科中心,北京盈科中心-09,人视图-1.jpg,photo_01.jpg,照片,重命名
1-北京盈科中心,北京盈科中心-09,人视图-2.jpg,photo_02.jpg,照片,重命名
1-北京盈科中心,北京盈科中心-09,DXF 北京 盈科中心-9.dxf,unit.dxf,DXF,重命名
2-北京国航世纪,北京国航世纪-01,平面-1.png,plan.png,平面图,重命名
2-北京国航世纪,北京国航世纪-01,人视角-1.jpg,photo_01.jpg,照片,重命名
2-北京国航世纪,北京国航世纪-01,人视角-2.jpg,photo_02.jpg,照片,重命名
2-北京国航世纪,北京国航世纪-01,DXF-1.dxf,unit.dxf,DXF,重命名
2-北京国航世纪,北京国航世纪-02,平面-2.png,plan.png,平面图,重命名
2-北京国航世纪,北京国航世纪-02,人视角-1.jpg,photo_01.jpg,照片,重命名
2-北京国航世纪,北京国航世纪-02,人视角-2.jpg,photo_02.jpg,照片,重命名
2-北京国航世纪,北京国航世纪-02,DXF-2.dxf,unit.dxf,DXF,重命名
2-北京国航世纪,北京国航世纪-03,平面-3.png,plan.png,平面图,重命名
2-北京国航世纪,北京国航世纪-03,人视角-1.jpg,photo_01.jpg,照片,重命名
2-北京国航世纪,北京国航世纪-03,人视角-2.jpg,photo_02.jpg,照片,重命名
2-北京国航世纪,北京国航世纪-03,人视角-3.jpg,photo_03.jpg,照片,重命名
2-北京国航世纪,北京国航世纪-03,人视角-4.jpg,photo_04.jpg,照片,重命名
2-北京国航世纪,北京国航世纪-03,DXF-3.dxf,unit.dxf,DXF,重命名
3-北京望京国际中心,北京望京国际中心-01,平面-1.png,plan.png,平面图,重命名
3-北京望京国际中心,北京望京国际中心-01,人视图-1.jpg,photo_01.jpg,照片,重命名
3-北京望京国际中心,北京望京国际中心-01,人视图-2.jpg,photo_02.jpg,照片,重命名
3-北京望京国际中心,北京望京国际中心-01,DXF-1.dxf,unit.dxf,DXF,重命名
3-北京望京国际中心,北京望京国际中心-02,平面-2.png,plan.png,平面图,重命名
3-北京望京国际中心,北京望京国际中心-02,人视图-1.jpg,photo_01.jpg,照片,重命名
3-北京望京国际中心,北京望京国际中心-02,人视图-2.jpg,photo_02.jpg,照片,重命名
3-北京望京国际中心,北京望京国际中心-02,DXF-2.dxf,unit.dxf,DXF,重命名
3-北京望京国际中心,北京望京国际中心-03,平面-3.png,plan.png,平面图,重命名
3-北京望京国际中心,北京望京国际中心-03,人视图-1.jpg,photo_01.jpg,照片,重命名
3-北京望京国际中心,北京望京国际中心-03,人视图-2.jpg,photo_02.jpg,照片,重命名
3-北京望京国际中心,北京望京国际中心-03,人视图-3.jpg,photo_03.jpg,照片,重命名
3-北京望京国际中心,北京望京国际中心-03,人视图-4.jpg,photo_04.jpg,照片,重命名
3-北京望京国际中心,北京望京国际中心-03,DXF-3.dxf,unit.dxf,DXF,重命名
3-北京望京国际中心,北京望京国际中心-04,平面-4.png,plan.png,平面图,重命名
3-北京望京国际中心,北京望京国际中心-04,人视图-1.jpg,photo_01.jpg,照片,重命名
3-北京望京国际中心,北京望京国际中心-04,人视图-2.jpg,photo_02.jpg,照片,重命名
3-北京望京国际中心,北京望京国际中心-04,人视图-3.jpg,photo_03.jpg,照片,重命名
3-北京望京国际中心,北京望京国际中心-04,人视图-4.jpg,photo_04.jpg,照片,重命名
3-北京望京国际中心,北京望京国际中心-04,DXF-4.dxf,unit.dxf,DXF,重命名
3-北京望京国际中心,北京望京国际中心-05,平面-5.png,plan.png,平面图,重命名
3-北京望京国际中心,北京望京国际中心-05,人视图-1.jpg,photo_01.jpg,照片,重命名
3-北京望京国际中心,北京望京国际中心-05,人视图-2.jpg,photo_02.jpg,照片,重命名
3-北京望京国际中心,北京望京国际中心-05,人视图-3.jpg,photo_03.jpg,照片,重命名
3-北京望京国际中心,北京望京国际中心-05,人视图-4.jpg,photo_04.jpg,照片,重命名
3-北京望京国际中心,北京望京国际中心-05,DXF-5.dxf,unit.dxf,DXF,重命名
4-北京慈云寺,北京慈云寺-01,平面-1.png,plan.png,平面图,重命名
4-北京慈云寺,北京慈云寺-01,人视图-1.jpg,photo_01.jpg,照片,重命名
4-北京慈云寺,北京慈云寺-01,人视图-2.jpg,photo_02.jpg,照片,重命名
4-北京慈云寺,北京慈云寺-01,DXF-1.dxf,unit.dxf,DXF,重命名
4-北京慈云寺,北京慈云寺-02,平面-2.png,plan.png,平面图,重命名
4-北京慈云寺,北京慈云寺-02,人视图-1.jpg,photo_01.jpg,照片,重命名
4-北京慈云寺,北京慈云寺-02,人视图-2.jpg,photo_02.jpg,照片,重命名
4-北京慈云寺,北京慈云寺-02,DXF-2.dxf,unit.dxf,DXF,重命名
4-北京慈云寺,北京慈云寺-03,平面-3.png,plan.png,平面图,重命名
4-北京慈云寺,北京慈云寺-03,人视图-1.jpg,photo_01.jpg,照片,重命名
4-北京慈云寺,北京慈云寺-03,人视图-2.jpg,photo_02.jpg,照片,重命名
4-北京慈云寺,北京慈云寺-03,DXF-3.dxf,unit.dxf,DXF,重命名
4-北京慈云寺,北京慈云寺-04,平面-4.png,plan.png,平面图,重命名
4-北京慈云寺,北京慈云寺-04,人视图-1.jpg,photo_01.jpg,照片,重命名
4-北京慈云寺,北京慈云寺-04,人视图-2.jpg,photo_02.jpg,照片,重命名
4-北京慈云寺,北京慈云寺-04,人视图-3.jpg,photo_03.jpg,照片,重命名
4-北京慈云寺,北京慈云寺-04,DXF-4.dxf,unit.dxf,DXF,重命名
5-北京互联网金融中心,北京互联网金融中心-01,平面-1.png,plan.png,平面图,重命名
5-北京互联网金融中心,北京互联网金融中心-01,人视图-1.jpg,photo_01.jpg,照片,重命名
5-北京互联网金融中心,北京互联网金融中心-01,人视图-2.jpg,photo_02.jpg,照片,重命名
5-北京互联网金融中心,北京互联网金融中心-01,DXF-1.dxf,unit.dxf,DXF,重命名
5-北京互联网金融中心,北京互联网金融中心-02,平面-2.png,plan.png,平面图,重命名
5-北京互联网金融中心,北京互联网金融中心-02,人视图-1.jpg,photo_01.jpg,照片,重命名
5-北京互联网金融中心,北京互联网金融中心-02,人视图-2.jpg,photo_02.jpg,照片,重命名
5-北京互联网金融中心,北京互联网金融中心-02,DXF-2.dxf,unit.dxf,DXF,重命名
5-北京互联网金融中心,北京互联网金融中心-03,平面-3.png,plan.png,平面图,重命名
5-北京互联网金融中心,北京互联网金融中心-03,人视图-1.jpg,photo_01.jpg,照片,重命名
5-北京互联网金融中心,北京互联网金融中心-03,人视图-2.jpg,photo_02.jpg,照片,重命名
5-北京互联网金融中心,北京互联网金融中心-03,DXF-3.dxf,unit.dxf,DXF,重命名
5-北京互联网金融中心,北京互联网金融中心-04,平面-4.png,plan.png,平面图,重命名
5-北京互联网金融中心,北京互联网金融中心-04,人视图-1.jpg,photo_01.jpg,照片,重命名
5-北京互联网金融中心,北京互联网金融中心-04,人视图-2.jpg,photo_02.jpg,照片,重命名
5-北京互联网金融中心,北京互联网金融中心-04,DXF-4.dxf,unit.dxf,DXF,重命名
5-北京互联网金融中心,北京互联网金融中心-05,平面-5.png,plan.png,平面图,重命名
5-北京互联网金融中心,北京互联网金融中心-05,人视图-1.jpg,photo_01.jpg,照片,重命名
5-北京互联网金融中心,北京互联网金融中心-05,人视图-2.jpg,photo_02.jpg,照片,重命名
5-北京互联网金融中心,北京互联网金融中心-05,人视图-3.jpg,photo_03.jpg,照片,重命名
5-北京互联网金融中心,北京互联网金融中心-05,DXF-5.dxf,unit.dxf,DXF,重命名
6-北京三里屯11号,北京三里屯11号-01,平面-1.png,plan.png,平面图,重命名
6-北京三里屯11号,北京三里屯11号-01,人视图-1.jpg,photo_01.jpg,照片,重命名
6-北京三里屯11号,北京三里屯11号-01,人视图-2.jpg,photo_02.jpg,照片,重命名
6-北京三里屯11号,北京三里屯11号-01,DXF-1.dxf,unit.dxf,DXF,重命名
6-北京三里屯11号,北京三里屯11号-02,平面-2.png,plan.png,平面图,重命名
6-北京三里屯11号,北京三里屯11号-02,人视图-1.jpg,photo_01.jpg,照片,重命名
6-北京三里屯11号,北京三里屯11号-02,人视图-2.jpg,photo_02.jpg,照片,重命名
6-北京三里屯11号,北京三里屯11号-02,人视图-3.jpg,photo_03.jpg,照片,重命名
6-北京三里屯11号,北京三里屯11号-02,DXF-2.dxf,unit.dxf,DXF,重命名
6-北京三里屯11号,北京三里屯11号-03,平面-3.png,plan.png,平面图,重命名
6-北京三里屯11号,北京三里屯11号-03,人视图-1.jpg,photo_01.jpg,照片,重命名
6-北京三里屯11号,北京三里屯11号-03,人视图-2.jpg,photo_02.jpg,照片,重命名
6-北京三里屯11号,北京三里屯11号-03,DXF-3.dxf,unit.dxf,DXF,重命名
6-北京三里屯11号,北京三里屯11号-04,平面-4.png,plan.png,平面图,重命名
6-北京三里屯11号,北京三里屯11号-04,人视图-1.jpg,photo_01.jpg,照片,重命名
6-北京三里屯11号,北京三里屯11号-04,人视图-2.jpg,photo_02.jpg,照片,重命名
6-北京三里屯11号,北京三里屯11号-04,DXF-4.dxf,unit.dxf,DXF,重命名
