单元,簇,色温(K),照度(lux),采光系数,开阔感,私密性,混响RT60(s),家具密度,座位密度,总座位数,画面亮度,对比度,色温CV(K),冷暖指数,饱和度,纵深感,聚类(kmeans),聚类(ward),备注
1-北京盈科中心 北京盈科中心-01,1,4000.0,500.0,0.0,0.6,0.8,0.8,0.27,0.27,30.0,120.15,64.25,6241.0,-2.1,68.3,1.289,1,2,
1-北京盈科中心 北京盈科中心-02,2,4000.0,500.0,0.0,0.3,0.9,0.7,0.18,0.45,8.0,141.35,46.25,5245.0,45.1,54.15,1.786,2,0,
1-北京盈科中心 北京盈科中心-03,2,4000.0,400.0,-1.0,0.6,0.6,0.7,0.22,0.42,6.0,131.75,56.1,5557.0,36.8,50.35,1.924,2,1,
1-北京盈科中心 北京盈科中心-04,1,4000.0,300.0,0.02,0.7,0.3,0.8,0.1,0.21,26.0,145.75,45.35,5499.0,53.5,56.0,1.944,1,1,
1-北京盈科中心 北京盈科中心-05,0,4000.0,500.0,-1.0,0.7,0.3,0.8,0.29,0.44,18.0,149.55,51.75,4117.0,60.15,96.55,1.342,0,1,
1-北京盈科中心 北京盈科中心-06,2,4000.0,500.0,0.02,0.5,0.8,0.7,0.25,0.43,8.0,121.55,57.5,5127.0,52.3,74.65,1.6,2,0,
1-北京盈科中心 北京盈科中心-07,0,4000.0,400.0,0.035,0.8,0.2,0.8,0.18,0.13,45.0,129.8,55.3,4932.0,50.15,80.55,0.969,0,1,
1-北京盈科中心 北京盈科中心-08,0,3500.0,400.0,0.02,0.7,0.3,0.8,0.22,0.64,35.0,125.45,59.9,4593.0,57.15,95.25,1.197,0,1,
1-北京盈科中心 北京盈科中心-09,0,3000.0,300.0,0.02,0.5,0.6,0.8,0.44,0.39,8.0,106.9,50.65,5204.0,48.55,61.8,1.076,0,1,
2-北京国航世纪 北京国航世纪-01,2,4000.0,500.0,-1.0,0.5,0.8,0.7,0.25,0.63,8.0,137.2,67.55,5770.0,7.7,56.4,1.122,2,0,
2-北京国航世纪 北京国航世纪-02,2,4000.0,500.0,0.0,0.5,0.8,0.7,0.36,0.7,8.0,160.35,49.45,5538.0,34.15,61.05,1.155,2,0,
2-北京国航世纪 北京国航世纪-03,1,4000.0,500.0,0.04,0.7,0.2,0.8,0.18,0.22,40.0,155.125,51.475,5497.0,33.45,70.05,1.401,1,2,
3-北京望京国际中心 北京望京国际中心-01,2,4000.0,500.0,0.035,0.5,0.8,0.7,0.17,0.33,6.0,167.55,44.25,5054.0,33.0,85.9,1.817,2,0,
3-北京望京国际中心 北京望京国际中心-02,2,4000.0,500.0,0.0,0.3,0.8,0.6,0.07,1.16,8.0,142.45,60.45,4657.0,44.7,86.35,1.321,2,0,
3-北京望京国际中心 北京望京国际中心-03,1,4000.0,500.0,0.035,0.7,0.3,0.8,0.4,0.4,58.0,168.725,51.025,6434.0,-2.95,41.875,1.524,1,2,
3-北京望京国际中心 北京望京国际中心-04,1,4000.0,500.0,0.035,0.7,0.3,0.8,0.48,0.2,24.0,165.225,48.975,6009.0,3.6,59.35,1.319,1,2,
3-北京望京国际中心 北京望京国际中心-05,1,4000.0,500.0,0.035,0.7,0.3,0.8,0.72,0.33,38.0,133.875,54.575,5862.0,11.325,70.475,1.428,1,2,
4-北京慈云寺 北京慈云寺-01,2,4000.0,500.0,0.0,0.5,0.8,0.7,0.11,0.55,8.0,147.95,59.95,5289.0,54.2,61.0,1.023,2,0,
4-北京慈云寺 北京慈云寺-02,2,4000.0,500.0,0.02,0.5,0.8,0.8,0.35,0.69,12.0,152.75,57.35,5288.0,57.3,57.75,0.913,2,0,
4-北京慈云寺 北京慈云寺-03,2,4000.0,500.0,0.0,0.3,0.8,0.7,0.06,0.4,4.0,132.7,59.15,5338.0,50.45,68.8,0.896,2,0,
4-北京慈云寺 北京慈云寺-04,1,4000.0,500.0,0.035,0.7,0.2,0.8,0.25,0.4,36.0,167.733,54.333,5841.0,35.7,50.833,1.768,1,2,
5-北京互联网金融中心 北京互联网金融中心-01,2,4000.0,500.0,0.03,0.5,0.8,0.6,0.11,0.55,8.0,166.6,47.7,5945.0,18.8,33.9,1.628,2,0,
5-北京互联网金融中心 北京互联网金融中心-02,2,4000.0,500.0,0.03,0.4,0.8,0.7,0.06,0.75,8.0,147.6,60.1,5977.0,21.2,54.05,1.359,2,0,
5-北京互联网金融中心 北京互联网金融中心-03,1,4000.0,500.0,0.035,0.7,0.3,0.8,0.4,0.17,25.0,157.4,54.1,6196.0,0.75,64.0,2.257,1,2,
5-北京互联网金融中心 北京互联网金融中心-04,1,4000.0,300.0,0.03,0.6,0.4,0.7,0.93,0.44,7.0,160.0,51.75,5436.0,27.35,60.0,1.374,1,1,
5-北京互联网金融中心 北京互联网金融中心-05,1,4000.0,500.0,0.035,0.7,0.3,0.8,0.12,0.12,28.0,152.233,48.8,5931.0,19.667,73.7,1.382,1,2,
6-北京三里屯11号 北京三里屯11号-01,2,4000.0,500.0,-1.0,0.4,0.8,0.7,0.36,0.76,10.0,135.0,68.55,6965.0,-31.7,56.9,1.297,2,0,
6-北京三里屯11号 北京三里屯11号-02,1,4000.0,500.0,0.04,0.7,0.3,0.8,0.33,0.88,55.0,173.067,63.767,6242.0,9.367,58.5,1.818,1,2,
6-北京三里屯11号 北京三里屯11号-03,1,4000.0,500.0,0.035,0.7,0.3,0.8,0.25,0.17,15.0,158.95,59.3,6425.0,5.7,40.55,1.117,1,2,
6-北京三里屯11号 北京三里屯11号-04,2,4000.0,500.0,0.035,0.5,0.8,0.7,0.34,0.59,10.0,179.8,50.35,6529.0,-0.05,19.85,1.196,2,0,
