单元,簇,座椅占比%,台面占比%,储物占比%,植物占比%,照明占比%,门窗占比%,家具密度,聚类(kmeans),聚类(ward),备注
1-北京盈科中心 北京盈科中心-01,0,6.57,19.5,0.42,0.52,0.11,0.52,0.27,0,0,
1-北京盈科中心 北京盈科中心-02,0,2.67,9.7,0.75,0.0,2.29,1.14,0.18,0,0,
1-北京盈科中心 北京盈科中心-03,2,1.64,6.62,0.12,0.0,0.7,32.96,0.22,2,1,
1-北京盈科中心 北京盈科中心-04,0,8.78,1.92,4.86,0.84,0.62,4.79,0.1,0,0,
1-北京盈科中心 北京盈科中心-05,0,4.84,9.22,4.96,0.24,2.24,1.34,0.29,0,0,
1-北京盈科中心 北京盈科中心-06,0,3.29,4.07,3.34,0.0,2.28,11.02,0.25,0,0,
1-北京盈科中心 北京盈科中心-07,0,14.8,10.28,6.76,2.5,10.07,2.92,0.18,0,0,
1-北京盈科中心 北京盈科中心-08,0,6.21,10.98,34.44,2.07,2.34,8.15,0.22,0,3,
1-北京盈科中心 北京盈科中心-09,0,1.73,2.61,0.31,0.0,0.5,0.15,0.44,0,0,
2-北京国航世纪 北京国航世纪-01,0,1.56,11.02,0.3,8.8,3.75,12.28,0.25,0,0,
2-北京国航世纪 北京国航世纪-02,0,5.04,11.58,0.98,1.4,4.44,0.67,0.36,0,0,
2-北京国航世纪 北京国航世纪-03,0,6.87,8.25,1.11,2.34,1.98,5.25,0.18,0,0,
3-北京望京国际中心 北京望京国际中心-01,2,0.98,3.34,0.5,1.96,5.16,26.58,0.17,2,1,
3-北京望京国际中心 北京望京国际中心-02,1,0.94,1.6,-0.0,22.02,1.16,0.23,0.07,1,2,异常(单例)
3-北京望京国际中心 北京望京国际中心-03,0,4.63,10.38,2.22,1.8,6.74,16.79,0.4,0,0,
3-北京望京国际中心 北京望京国际中心-04,0,1.23,15.94,1.56,6.57,6.17,7.0,0.48,0,0,
3-北京望京国际中心 北京望京国际中心-05,3,14.2,8.21,2.32,3.59,1.74,13.58,0.72,3,0,
4-北京慈云寺 北京慈云寺-01,2,0.66,4.47,0.02,0.0,8.04,29.13,0.11,2,1,
4-北京慈云寺 北京慈云寺-02,2,1.14,6.02,-0.0,1.78,12.16,12.56,0.35,2,0,
4-北京慈云寺 北京慈云寺-03,2,1.79,1.06,0.08,7.49,6.9,16.89,0.06,2,1,
4-北京慈云寺 北京慈云寺-04,0,4.62,9.16,0.95,2.55,2.68,14.1,0.25,0,0,
5-北京互联网金融中心 北京互联网金融中心-01,2,1.2,1.06,4.66,1.17,0.28,18.87,0.11,2,1,
5-北京互联网金融中心 北京互联网金融中心-02,2,1.0,2.29,-0.0,5.38,1.34,23.46,0.06,2,1,
5-北京互联网金融中心 北京互联网金融中心-03,3,12.94,3.6,5.46,5.86,0.37,22.1,0.4,3,0,
5-北京互联网金融中心 北京互联网金融中心-04,3,6.98,2.42,0.21,6.6,2.92,15.42,0.93,3,0,
5-北京互联网金融中心 北京互联网金融中心-05,0,6.89,9.03,13.55,3.23,0.91,13.64,0.12,0,0,
6-北京三里屯11号 北京三里屯11号-01,2,2.0,8.88,0.78,0.4,1.76,33.93,0.36,2,1,
6-北京三里屯11号 北京三里屯11号-02,0,8.65,10.3,1.75,0.87,3.17,4.59,0.33,0,0,
6-北京三里屯11号 北京三里屯11号-03,2,6.1,1.84,4.98,5.76,-0.0,19.29,0.25,2,0,
6-北京三里屯11号 北京三里屯11号-04,2,2.52,8.54,6.04,0.0,1.72,31.92,0.34,2,1,
